{
  "Region_1": [
    [
      13.291642207065145,
      2.953136978537301,
      0.3677874603683376,
      0.21245193563547954,
      0.35431902572120305,
      0.10498061097607903
    ],
    [
      0.607955536674196,
      11.917143971689121,
      2.7881448063899494,
      2.541384039988244,
      2.2937686616119017,
      1.2117841114183967
    ],
    [
      2.4660493395608523,
      3.8461357097016653,
      8.778505492757864,
      1.3951529535657512,
      0.8159768736039955,
      0.7221757938405213
    ],
    [
      0.7774880179365333,
      0.8228875551921787,
      4.4215481705261634,
      12.569991321722288,
      0.47275822200829465,
      1.0174628597468065
    ],
    [
      0.1421510098575731,
      1.3081423182839957,
      1.6746672064985448,
      4.199014577796881,
      8.077772397710493,
      4.127832242262047
    ],
    [
      1.6159584619463867,
      0.2679756243947285,
      2.005567368740378,
      2.0348603409358477,
      2.530218343337757,
      9.205357786650751
    ]
  ],
  "Region_2": [
    [
      8.922440450997323,
      2.328005879612713,
      3.0298358658968696,
      0.9521067341803383,
      1.0765800294036405,
      1.3241172701734765
    ],
    [
      2.1335782160260335,
      11.220867002278734,
      4.34622761654704,
      3.1734819749158665,
      0.4742995172064651,
      1.8605164878068394
    ],
    [
      1.7250349280852042,
      1.4766608444200522,
      9.591357562382612,
      4.905154732606016,
      1.7266239643107537,
      0.905785074432832
    ],
    [
      1.6293270290022237,
      0.9271277927976115,
      0.6103508085161536,
      6.288797219106492,
      0.8582177350494191,
      0.6476918627889321
    ],
    [
      0.36377162803387925,
      1.6470775189076348,
      0.7426202672639586,
      1.8919195957883503,
      13.967884099060118,
      2.5013177912486437
    ],
    [
      1.140299752658293,
      0.4274077552830967,
      0.5816864196705931,
      0.2960839515105164,
      1.0524415495927815,
      7.785903390319586
    ]
  ],
  "Region_3": [
    [
      5.393121398410989,
      4.0471993948179525,
      2.1550179000545415,
      0.3191777008785708,
      1.7597993858028769,
      1.5413813008420376
    ],
    [
      0.5401203093106028,
      7.768776481472037,
      4.079456079017041,
      2.536155686214918,
      0.5632374209713962,
      0.49776371433974964
    ],
    [
      1.339828325506043,
      2.5514841796573515,
      11.18254771530296,
      2.002339787956419,
      1.631359934421635,
      1.9002434780676718
    ],
    [
      0.21212260686517,
      0.9660503237560657,
      3.638410532951624,
      13.952068376871994,
      2.680467850049414,
      1.8516927033401662
    ],
    [
      0.3036268215455745,
      1.1876043712057047,
      1.8532880104409066,
      1.401734892264966,
      7.692432309493809,
      2.0420997747469576
    ],
    [
      0.11511272981473342,
      0.7119504146080388,
      0.6271890166167935,
      1.203741615230063,
      0.8188701261414433,
      13.90527280739895
    ]
  ],
  "Region_4": [
    [
      10.86535434660759,
      2.931178076982546,
      1.3661133155124163,
      0.9264362304458055,
      1.8093300545755233,
      1.0452957686314903
    ],
    [
      1.410677488457109,
      9.982476978489402,
      1.8191552860843414,
      3.1233574419062697,
      0.1428941124434275,
      0.5281323156538036
    ],
    [
      1.3236299289678493,
      2.5670965538415054,
      13.508175178361462,
      0.6674662165656834,
      2.718572141346954,
      0.25717703722281643
    ],
    [
      2.1254958338331815,
      0.3301790132692906,
      0.33665178678471497,
      11.969614623664215,
      4.986963790149873,
      3.005932499417732
    ],
    [
      1.194396993830754,
      2.3038145810781376,
      0.18345002025908383,
      4.881569023989427,
      9.907487792587844,
      3.6837564589534346
    ],
    [
      1.3830306658261415,
      1.465068814589452,
      1.3957122386066625,
      1.675961699733638,
      4.233267153837468,
      7.050775601494591
    ]
  ],
  "Region_5": [
    [
      10.812382214226123,
      0.983222897552461,
      1.6902769892069218,
      1.3898999023100165,
      0.1984647199626111,
      0.6162901071403742
    ],
    [
      0.8884697154601277,
      5.633749704727677,
      4.95231110385224,
      1.187453842419956,
      2.048451808904758,
      0.5838172440511513
    ],
    [
      2.324758620375776,
      3.861082334476011,
      10.956387406078443,
      2.489986895613252,
      1.4708295614663502,
      0.9535621330396138
    ],
    [
      2.3326317175885865,
      2.7969614579944757,
      4.833877825665935,
      6.242972234855447,
      3.72162050721731,
      3.13807811326662
    ],
    [
      0.4443428257147543,
      0.28292863499609655,
      2.5135487227518536,
      2.9787472876045813,
      13.41828776758272,
      0.9139187889748751
    ],
    [
      1.342506577111493,
      0.48309190809071456,
      0.5136828643060483,
      0.6868416934481444,
      4.119229921099064,
      11.651972206962
    ]
  ]
}